breseq_type	breseq_pos	breseq_end	breseq_size	breseq_extra	sv_type	sv_pos	sv_end	sv_size	sv_callers	sv_supp_vec	in_consensus	match_dist	status
DEL	257908	258684	776	id=1	DEL	257908	258676	772	Manta,TIDDIT	SUPP=2;SUPP_VEC=11	YES	8	MATCHED
DEL	1299499	1300698	1199	id=5	DEL	1299499	1300694	1197	Manta,TIDDIT	SUPP=2;SUPP_VEC=11	YES	4	MATCHED
INS	1301117	1301122	5	id=6;element=IS2;strand=-1	.	.	.	.	.	.	NO	.	BRESEQ_ONLY
DEL	1978503	1979279	776	id=10	DEL	1978503	1979271	772	Manta,TIDDIT	SUPP=2;SUPP_VEC=11	YES	8	MATCHED
DEL	2558699	2565489	6790	id=12	DEL	2558699	2565481	6786	Manta,TIDDIT	SUPP=2;SUPP_VEC=11	YES	8	MATCHED
INS	2987179	2987183	4	id=14;element=IS5;strand=1	.	.	.	.	.	.	NO	.	BRESEQ_ONLY
INS	3560455	3560455	1	id=15;seq=G	.	.	.	.	.	.	NO	.	BRESEQ_ONLY
INS	4248592	4248597	5	id=17;element=IS2;strand=1	.	.	.	.	.	.	NO	.	BRESEQ_ONLY
INS	4296381	4296381	2	id=18;seq=GC	.	.	.	.	.	.	NO	.	BRESEQ_ONLY
.	.	.	.	.	INV	1	4641652	4641651	TIDDIT	SUPP=1;SUPP_VEC=01	False	.	SV_CALLER_ONLY
.	.	.	.	.	INV	566708	568119	1411	TIDDIT	SUPP=1;SUPP_VEC=01	False	.	SV_CALLER_ONLY
.	.	.	.	.	INV	568119	566708	1411	TIDDIT	SUPP=1;SUPP_VEC=01	False	.	SV_CALLER_ONLY
.	.	.	.	.	INV	581278	1636443	1055165	TIDDIT	SUPP=1;SUPP_VEC=01	False	.	SV_CALLER_ONLY
.	.	.	.	.	INV	1207789	1209618	1846	Manta,TIDDIT	SUPP=2;SUPP_VEC=11	True	.	SV_CALLER_ONLY
.	.	.	.	.	INV	1209602	1207805	1797	Manta	SUPP=1;SUPP_VEC=10	False	.	SV_CALLER_ONLY
.	.	.	.	.	INV	1430512	1431960	1448	TIDDIT	SUPP=1;SUPP_VEC=01	False	.	SV_CALLER_ONLY
.	.	.	.	.	INV	1431776	1430512	1448	TIDDIT	SUPP=1;SUPP_VEC=01	False	.	SV_CALLER_ONLY
.	.	.	.	.	INV	2067358	2987183	919825	TIDDIT	SUPP=1;SUPP_VEC=01	False	.	SV_CALLER_ONLY
.	.	.	.	.	DEL	2169298	2178335	9043	Manta,TIDDIT	SUPP=2;SUPP_VEC=11	True	.	SV_CALLER_ONLY
.	.	.	.	.	INV	4641652	1	4641651	TIDDIT	SUPP=1;SUPP_VEC=01	False	.	SV_CALLER_ONLY
