clone_name_sup4,clone_name_sup5,library_name_sra,sample_name_sra,eaw_id,srr_accession,compound,is_parent,sra_batch,spots,bases,size_MB
Everolimus--R3d-2,,Everolimus--R3d-2,Everolimus--R3d-2,EAW502,SRR10985520,everolimus,False,original,10001842,2000368400,838
Etoposide--R9b-2,Etoposide-R9b-2,Etoposide--R9b-2,Etoposide--R9b-2,EAW505,SRR10985521,etoposide,False,original,9185191,1837038200,802
Etoposide--R7b-2,Etoposide-R7b-2,Etoposide--R7b-2,Etoposide--R7b-2,EAW504,SRR10985522,etoposide,False,original,3444518,688903600,304
AN7973-1R1e,,AN7973-1R1e,AN7973-1R1e,EAW718,SRR10985523,AN7973,False,original,5106688,1021337600,418
Etoposide--R5b-2,,Etoposide--R5b-2,Etoposide--R5b-2,EAW503,SRR10985524,etoposide,False,original,3520849,704169800,305
Etoposide--R4b-2,Etoposide-R4b-2,Etoposide--R4b-2,Etoposide--R4b-2,EAW502,SRR10985525,etoposide,False,original,6758741,1351748200,584
Etoposide--R10b-2,,Etoposide--R10b-2,Etoposide--R10b-2,EAW501,SRR10985526,etoposide,False,original,4296110,859222000,375
Doxorubicin-16--R2b,,Doxorubicin-16--R2b,Doxorubicin-16--R2b,EAW304,SRR10985527,doxorubicin,False,original,6997828,1399565600,704
Doxorubicin-15--R2b,,Doxorubicin-15--R2b,Doxorubicin-15--R2b,EAW093,SRR10985528,doxorubicin,False,original,6123062,1224612400,626
Doxorubicin-135--R2b,Doxorubicin-135-R2b,Doxorubicin-135--R2b,Doxorubicin-135--R2b,EAW262,SRR10985529,doxorubicin,False,original,5632790,1126558000,564
Doxorubicin-24R3a,Doxorubicin-24R3a,Doxorubicin-24-R3a,Doxorubicin-24-R3a,EAW702,SRR10985530,doxorubicin,False,original,6125142,1225028400,504
Diethylstilbestrol--17C,,Diethylstilbestrol--17C,Diethylstilbestrol--17C,EAW321,SRR10985531,diethylstilbestrol,False,original,2004865,400973000,189
Diethylstilbestrol--15A,Diethylstilbestrol-15A,Diethylstilbestrol--15A,Diethylstilbestrol--15A,EAW320,SRR10985532,diethylstilbestrol,False,original,2091870,418374000,196
Diethylstilbestrol--14C,,Diethylstilbestrol--14C,Diethylstilbestrol--14C,EAW908,SRR10985533,diethylstilbestrol,False,original,1925124,385024800,183
Amitriptyline--p3R3a,,Amitriptyline--p3R3a,Amitriptyline--p3R3a,EAW482,SRR10985534,amitriptyline,False,original,3350829,670165800,328
Diethylstilbestrol--13C,,Diethylstilbestrol--13C,Diethylstilbestrol--13C,EAW318,SRR10985535,diethylstilbestrol,False,original,3642649,728529800,329
,,DDD1035522--1R2a,DDD1035522--1R2a,,SRR10985536,,False,original,2712598,542519600,274
DDD01027481--23-R4a,,DDD01027481--23-R4a,DDD01027481--23-R4a,EAW435,SRR10985537,DDD01027481,False,original,5868314,1173662800,438
DDD01027481--22-R4a,,DDD01027481--22-R4a,DDD01027481--22-R4a,EAW434,SRR10985538,DDD01027481,False,original,5619703,1123940600,416
,,NODRUG--GM2,NODRUG--GM2,,SRR10985539,,True,original,3216392,643278400,391
Wortmannin--17-R3a,Wortmannin-17-R3a,Wortmannin -17-R3a,Wortmannin -17-R3a,EAW456,SRR10985540,wortmannin,False,original,7081030,1416206000,532
Wortmannin--14-R3a,,Wortmannin -14-R3a,Wortmannin -14-R3a,EAW453,SRR10985541,wortmannin,False,original,4769462,953892400,354
Wortmannin--13-R3a,Wortmannin-13R3a,Wortmannin -13-R3a,Wortmannin -13-R3a,EAW405,SRR10985542,wortmannin,False,original,4667345,933469000,345
TCMDC124263--16-R3a,,TCMDC124263-16-R3a,TCMDC124263-16-R3a,EAW420,SRR10985543,TCMDC-124263,False,original,5345252,1069050400,403
TCMDC124263--15-R3a,,TCMDC124263-15-R3a,TCMDC124263-15-R3a,EAW419,SRR10985544,TCMDC-124263,False,original,5552472,1110494400,416
DDD01027481--21-R4a,,DDD01027481--21-R4a,DDD01027481--21-R4a,EAW433,SRR10985545,DDD01027481,False,original,5998902,1199780400,447
TCMDC124263--14-R3a,,TCMDC124263-14-R3a,TCMDC124263-14-R3a,EAW418,SRR10985546,TCMDC-124263,False,original,5422304,1084460800,405
TCMDC124263--12-R3a,,TCMDC124263-12-R3a,TCMDC124263-12-R3a,EAW417,SRR10985547,TCMDC-124263,False,original,6209574,1241914800,462
TCMDC124263--11-R3a,,TCMDC124263-11-R3a,TCMDC124263-11-R3a,EAW406,SRR10985548,TCMDC-124263,False,original,7310007,1462001400,542
TCMDC124263--8-R3a,,TCMDC124263--8-R3a,TCMDC124263--8-R3a,EAW386,SRR10985549,TCMDC-124263,False,original,2377474,475494800,228
TCMDC124263--7-R3a,,TCMDC124263--7-R3a,TCMDC124263--7-R3a,EAW385,SRR10985550,TCMDC-124263,False,original,3859762,771952400,357
TCMDC124263--6-R3a,,TCMDC124263--6-R3a,TCMDC124263--6-R3a,EAW384,SRR10985551,TCMDC-124263,False,original,3971361,794272200,370
TCMDC124263--4-R3a,,TCMDC124263--4-R3a,TCMDC124263--4-R3a,EAW382,SRR10985552,TCMDC-124263,False,original,3939039,787807800,367
TCMDC124263--3-R3a,,TCMDC124263--3-R3a,TCMDC124263--3-R3a,EAW381,SRR10985553,TCMDC-124263,False,original,4172781,834556200,394
TCMDC124263--2-R3a,,TCMDC124263--2-R3a,TCMDC124263--2-R3a,EAW380,SRR10985554,TCMDC-124263,False,original,3825990,765198000,359
TCMDC124263--10R3a,,TCMDC124263--10R3a,TCMDC124263--10R3a,EAW309,SRR10985555,TCMDC-124263,False,original,3876334,775266800,318
DDD01027481--20-R4a,,DDD01027481--20-R4a,DDD01027481--20-R4a,EAW432,SRR10985556,DDD01027481,False,original,5935241,1187048200,442
TCMDC124263--1-R3a,,TCMDC124263--1-R3a,TCMDC124263--1-R3a,EAW379,SRR10985557,TCMDC-124263,False,original,4241873,848374600,395
Tav--9Res2c,Tavabarole-9Res2c,Tav--9Res2c,Tav--9Res2c,EAW169,SRR10985558,tavaborole,False,original,8605874,1712962795,782
Tav--8Res2b,,Tav--8Res2b,Tav--8Res2b,EAW164,SRR10985559,tavaborole,False,original,7561060,1504999626,690
Tav--7Res2c,,Tav--7Res2c,Tav--7Res2c,EAW163,SRR10985560,tavaborole,False,original,7458472,1484547094,690
Tav--11Res2b,,Tav--11Res2b,Tav--11Res2b,EAW165,SRR10985561,tavaborole,False,original,7331448,1459274689,672
Stauro--3Res2a,,Stauro--3Res2a,Stauro--3Res2a,EAW162,SRR10985562,staurosporine,False,original,5769221,1148263497,530
Stauro--2Res2a,,Stauro--2Res2a,Stauro--2Res2a,EAW161,SRR10985563,staurosporine,False,original,9835003,1957791501,893
Sertraline--20-R5a,,Sertraline--20-R5a,Sertraline--20-R5a,EAW260,SRR10985564,sertraline,False,original,3539655,707931000,340
Sertraline--18-R4a,,Sertraline--18-R4a,Sertraline--18-R4a,EAW259,SRR10985565,sertraline,False,original,2943720,588744000,272
CBR572-4R3a,,CBR572-4R3a,sBUZ572-4-R3a,EAW705,SRR10985566,CBR572,False,original,6063484,1212696800,505
DDD01027481--9_R3a,,DDD01027481--9_R3a,DDD01027481--9_R3a,EAW458,SRR10985567,DDD01027481,False,original,4303506,860701200,434
CBR572-2R3a,,CBR572-2-R3a,sBUZ572-2-R3a,EAW704,SRR10985568,CBR572,False,original,5486013,1097202600,455
CBR572-1R3a,,CBR572-1-R3a,sBUZ572-1-R3a,EAW703,SRR10985569,CBR572,False,original,6815372,1363074400,555
CBR868-5--R2a,,CBR868-5--R2a,sBOK868-5--R2a,EAW265,SRR10985570,CBR868,False,original,8664066,1732813200,865
CBR868-4--R2a,,CBR868-4--R2a,sBOK868-4--R2a,EAW487,SRR10985571,CBR868,False,original,8302101,1660420200,836
CBR868-2--R2a,,CBR868-2--R2a,sBOK868-2--R2a,EAW263,SRR10985572,CBR868,False,original,6384279,1276855800,642
CBR868--8-R5b,,CBR868--8-R5b,sBOK868--8-R5b,EAW299,SRR10985573,CBR868,False,original,3722779,744555800,344
CBR868--7-R5b,,CBR868--7-R5b,sBOK868--7-R5b,EAW298,SRR10985574,CBR868,False,original,3781624,756324800,349
CBR868--15R3a,,CBR868--15R3a,sBOK868--15R3a,EAW317,SRR10985575,CBR868,False,original,5245476,1049095200,425
CBR868--13R3a,,CBR868--13R3a,sBOK868--13R3a,EAW316,SRR10985576,CBR868,False,original,5317013,1063402600,423
CBR868--12R3a,,CBR868--12R3a,sBOK868--12R3a,EAW315,SRR10985577,CBR868,False,original,4228625,845725000,341
DDD01027481--8_R3a,,DDD01027481--8_R3a,DDD01027481--8_R3a,EAW457,SRR10985578,DDD01027481,False,original,5030455,1006091000,513
CBR868--11-R5a,,CBR868--11-R5a,sBOK868--11-R5a,EAW301,SRR10985579,CBR868,False,original,3019684,603936800,285
CBR868--10-R5a,,CBR868--10-R5a,sBOK868--10-R5a,EAW300,SRR10985580,CBR868,False,original,4263713,852742600,391
CBR110--8-R4a,,CBR110-8-R4a,sBNZ110-8-R4a,EAW451,SRR10985581,CBR110,False,original,7344601,1468920200,545
CBR110--7-R4a,,CBR110-7-R4a,sBNZ110-7-R4a,EAW450,SRR10985582,CBR110,False,original,5961117,1192223400,439
CBR110--5-R4a,,CBR110-5-R4a,sBNZ110-5-R4a,EAW449,SRR10985583,CBR110,False,original,7619005,1523801000,568
CBR110--2-R4a,,CBR110-2-R4a,sBNZ110-2-R4a,EAW448,SRR10985584,CBR110,False,original,4863906,972781200,364
CBR110-15R3a,CBR110-15R3a,CBR110-15-R3a,sBNZ110-15-R3a,EAW744,SRR10985585,CBR110,False,original,6280120,1256024000,518
CBR110-14R3a,,CBR110-14-R3a,sBNZ110-14-R3a,EAW743,SRR10985586,CBR110,False,original,3985014,797002800,334
CBR110-13R3a,,CBR110-13-R3a,sBNZ110-13-R3a,EAW742,SRR10985587,CBR110,False,original,4090203,818040600,338
CBR110-12R3a,,CBR110-12-R3a,sBNZ110-12-R3a,EAW741,SRR10985588,CBR110,False,original,4434838,886967600,370
DDD01027481--12_R3a,,DDD01027481--12_R3a,DDD01027481--12_R3a,EAW460,SRR10985589,DDD01027481,False,original,5159642,1031928400,519
CBR110-11R3a,,CBR110-11-R3a,sBNZ110-11-R3a,EAW740,SRR10985590,CBR110,False,original,4906726,981345200,414
CBR110--10-R4a,,CBR110-10-R4a,sBNZ110-10-R4a,EAW452,SRR10985591,CBR110,False,original,6705983,1341196600,497
CBR110--1-R4a,,CBR110-1-R4a,sBNZ110-1-R4a,EAW447,SRR10985592,CBR110,False,original,5384664,1076932800,396
CBR110-16R3a,,CBR110-16-R3a,sBNZ-110-16-R3a,EAW745,SRR10985593,CBR110,False,original,3850399,770079800,321
CBR668--24-R4a,,CBR668--24-R4a,sBMP668--24-R4a,EAW427,SRR10985594,CBR668,False,original,4334547,866909400,322
CBR668--23-R4a,,CBR668--23-R4a,sBMP668--23-R4a,EAW426,SRR10985595,CBR668,False,original,4466548,893309600,333
CBR668--22-R4a,,CBR668--22-R4a,sBMP668--22-R4a,EAW425,SRR10985596,CBR668,False,original,4423929,884785800,327
CBR668--21-R4a,,CBR668--21-R4a,sBMP668--21-R4a,EAW424,SRR10985597,CBR668,False,original,4747157,949431400,364
CBR668--7-R3b,,CBR668--7-R3b,sBMP668--7-R3b,EAW215,SRR10985598,CBR668,False,original,3456773,691354600,328
CBR668--5-R3b,,CBR668--5-R3b,sBMP668--5-R3b,EAW214,SRR10985599,CBR668,False,original,3232250,646450000,305
DDD01027481--11_R3a,,DDD01027481--11_R3a,DDD01027481--11_R3a,EAW459,SRR10985600,DDD01027481,False,original,5329282,1065856400,537
Amitriptyline--p1R3b,,Amitriptyline--p1R3b,Amitriptyline--p1R3b,EAW481,SRR10985601,amitriptyline,False,original,3152366,630473200,310
CBR668--4-R3a,,CBR668--4-R3a,sBMP668--4-R3a,EAW224,SRR10985602,CBR668,False,original,3052468,610493600,290
CBR668--3-R3a,,CBR668--3-R3a,sBMP668--3-R3a,EAW225,SRR10985603,CBR668,False,original,2718084,543616800,264
CBR668--2-R3b,,CBR668--2-R3b,sBMP668--2-R3b,EAW224,SRR10985604,CBR668,False,original,2935491,587098200,291
CBR668--1-R3b,,CBR668--1-R3b,sBMP668--1-R3b,EAW223,SRR10985605,CBR668,False,original,2875937,575187400,271
CBR113--8-R4a,,CBR113--8-R4a,sBMH113--8-R4a,EAW440,SRR10985606,CBR113,False,original,6143997,1228799400,461
CBR113--7-R4a,CBR113-7R4a,CBR113--7-R4a,sBMH113--7-R4a,EAW439,SRR10985607,CBR113,False,original,6694045,1338809000,492
CBR113--6-R4a,,CBR113--6-R4a,sBMH113--6-R4a,EAW438,SRR10985608,CBR113,False,original,6661025,1332205000,498
CBR113--3-R4a,,CBR113--3-R4a,sBMH113--3-R4a,EAW437,SRR10985609,CBR113,False,original,5303807,1060761400,388
CBR113--1-R4a,,CBR113--1-R4a,sBMH113--1-R4a,EAW436,SRR10985610,CBR113,False,original,6521307,1304261400,474
CBR499--6R3c,,CBR499--6R3c,sAJH499--6R3c,EAW475,SRR10985611,CBR499,False,original,3747253,749450600,302
CHX--Cy73-2,,CHX--Cy73-2,CHX--Cy73-2,EAW001,SRR10985612,cycloheximide,False,original,3164169,632833800,383
CBR499--5R3c,,CBR499--5R3c,sAJH499--5R3c,EAW308,SRR10985613,CBR499,False,original,4144029,828805800,335
CBR499--4R3c,,CBR499--4R3c,sAJH499--4R3c,EAW307,SRR10985614,CBR499,False,original,3229901,645980200,261
CBR499--2R3c,,CBR499--2R3c,sAJH499--2R3c,EAW306,SRR10985615,CBR499,False,original,3208365,641673000,258
CBR410--5-R2a,,CBR410--5-R2a,sAEA410--5-R2a,EAW431,SRR10985616,CBR410,False,original,5870265,1174053000,437
CBR410--4-R2a,,CBR410--4-R2a,sAEA410--4-R2a,EAW430,SRR10985617,CBR410,False,original,5504909,1100981800,409
CBR410--1-R2a,,CBR410--1-R2a,sAEA410--1-R2a,EAW429,SRR10985618,CBR410,False,original,5535649,1107129800,412
CBR410--17-R5b,,CBR410--17-R5b,sAEA410--17-R5b,EAW255,SRR10985619,CBR410,False,original,2837571,567514200,272
CBR410--16-R5b,,CBR410--16-R5b,sAEA410--16-R5b,EAW254,SRR10985620,CBR410,False,original,3532097,706419400,329
CBR410--15-R5a,,CBR410--15-R5a,sAEA410--15-R5a,EAW253,SRR10985621,CBR410,False,original,3181110,636222000,293
,,CBR--14-R5a,sAEA410--14-R5a,,SRR10985622,,False,original,2573054,514610800,244
Clomipramine--6R2b,,Clomipramine--6R2b,Clomipramine--6R2b,EAW329,SRR10985623,clomipramine,False,original,1952780,390556000,185
Rap--4Res3a,,Rap--4Res3a,Rap--4Res3a,EAW099,SRR10985624,rapamycin,False,original,10129495,2016243229,914
Rap--1Res3a,,Rap--1Res3a,Rap--1Res3a,EAW160,SRR10985625,rapamycin,False,original,9285319,1848245445,848
Poseconazole--R7c-2,,Poseconazole--R7c-2,Poseconazole--R7c-2,EAW087,SRR10985626,posaconazole,False,original,8583087,1716617400,751
Poseconazole--R5c-2,,Poseconazole--R5c-2,Poseconazole--R5c-2,EAW111,SRR10985627,posaconazole,False,original,3458788,691757600,298
Poseconazole--R4d-2,,Poseconazole--R4d-2,Poseconazole--R4d-2,EAW110,SRR10985628,posaconazole,False,original,4668906,933781200,402
Poseconazole--R1d-2,,Poseconazole--R1d-2,Poseconazole--R1d-2,EAW109,SRR10985629,posaconazole,False,original,4874587,974917400,426
MMV667491--R9a-2,,MMV667491--R9a-2,MMV667491--R9a-2,EAW140,SRR10985630,MMV667491,False,original,6791135,1358227000,568
MMV667491--R8a-2,,MMV667491--R8a-2,MMV667491--R8a-2,EAW139,SRR10985631,MMV667491,False,original,8874534,1774906800,744
MMV667491--R7c-2,,MMV667491--R7c-2,MMV667491--R7c-2,EAW506,SRR10985632,MMV667491,False,original,10301637,2060327400,853
MMV667491--R5b-2,,MMV667491--R5b-2,MMV667491--R5b-2,EAW505,SRR10985633,MMV667491,False,original,8038712,1607742400,666
Clomipramine--4R2a,,Clomipramine--4R2a,Clomipramine--4R2a,EAW328,SRR10985634,clomipramine,False,original,2288123,457624600,215
MMV667491--R4b-2,,MMV667491--R4b-2,MMV667491--R4b-2,EAW138,SRR10985635,MMV667491,False,original,7739565,1547913000,647
MMV665909--8R4a,,MMV665909--8R4a,MMV665909--8R4a,EAW303,SRR10985636,MMV665909,False,original,4312447,862489400,347
MMV665909--2R4a,,MMV665909--2R4a,MMV665909--2R4a,EAW302,SRR10985637,MMV665909,False,original,3021585,604317000,252
MMV665882--17_R4b,,MMV665882--17_R4b,MMV665882--17_R4b,EAW256,SRR10985638,MMV665882,False,original,7333699,1466739800,717
MMV665882--16_R4a,,MMV665882--16_R4a,MMV665882--16_R4a,EAW199,SRR10985639,MMV665882,False,original,5473492,1094698400,532
MMV665882--14_R4a,,MMV665882--14_R4a,MMV665882--14_R4a,EAW197,SRR10985640,MMV665882,False,original,6797634,1359526800,666
MMV665882--13_R4a,,MMV665882--13_R4a,MMV665882--13_R4a,EAW196,SRR10985641,MMV665882,False,original,7722016,1544403200,738
MMV665852--18R3b,,MMV665852--18R3b,MMV665852--18R3b,EAW271,SRR10985642,MMV665852,False,original,3338981,667796200,329
MMV665852--17R3a,,MMV665852--17R3a,MMV665852--17R3a,EAW270,SRR10985643,MMV665852,False,original,3833783,766756600,375
MMV665852--16R3b,,MMV665852--16R3b,MMV665852--16R3b,EAW269,SRR10985644,MMV665852,False,original,3405190,681038000,334
Clomipramine--14-R3b,,Clomipramine--14-R3b,Clomipramine--14-R3b,EAW232,SRR10985645,clomipramine,False,original,3100809,620161800,297
MMV665852--15R3a,,MMV665852--15R3a,MMV665852--15R3a,EAW268,SRR10985646,MMV665852,False,original,3769244,753848800,369
MMV665852--13R3b,,MMV665852--13R3b,MMV665852--13R3b,EAW267,SRR10985647,MMV665852,False,original,3140690,628138000,304
MMV665852--R5-2,,MMV665852--R5-2,MMV665852--R5-2,EAW023,SRR10985648,MMV665852,False,original,9391815,1878363000,1104
MMV665852--R4-2,,MMV665852--R4-2,MMV665852--R4-2,EAW022,SRR10985649,MMV665852,False,original,3421186,684237200,407
MMV665852--R2a-2,,MMV665852--R2a-2,MMV665852--R2a-2,EAW021,SRR10985650,MMV665852,False,original,3753030,750606000,444
MMV665852--R1a-2,,MMV665852--R1a-2,MMV665852--R1a-2,EAW020,SRR10985651,MMV665852,False,original,3323033,664606600,393
MMV665852--R39b,,MMV665852--R39b,MMV665852--R39b,EAW352,SRR10985652,MMV665852,False,original,3551349,710269800,359
MMV665852--R37b,,MMV665852--R37b,MMV665852--R37b,EAW346,SRR10985653,MMV665852,False,original,3317533,663506600,339
MMV665852--R312a,,MMV665852--R312a,MMV665852--R312a,EAW347,SRR10985654,MMV665852,False,original,4471681,894336200,450
MMV665807--R5-2,,MMV665807--R5-2,MMV665807--R5-2,EAW019,SRR10985655,MMV665807,False,original,3616471,723294200,426
Clomipramine--11-R3b,,Clomipramine--11-R3b,Clomipramine--11-R3b,EAW229,SRR10985656,clomipramine,False,original,3219571,643914200,298
MMV665807--R4-2,,MMV665807--R4-2,MMV665807--R4-2,EAW018,SRR10985657,MMV665807,False,original,3974707,794941400,471
MMV665807--R3-2,,MMV665807--R3-2,MMV665807--R3-2,EAW017,SRR10985658,MMV665807,False,original,5569313,1113862600,661
MMV665807--R2-2,,MMV665807--R2-2,MMV665807--R2-2,EAW016,SRR10985659,MMV665807,False,original,6685918,1337183600,788
MMV665794--R7-2,,MMV665794--R7-2,MMV665794--R7-2,EAW054,SRR10985660,MMV665794,False,original,7304410,1460882000,836
,,MMV665794--R6-2,MMV665794--R6-2,,SRR10985661,,False,original,5042856,1008571200,579
MMV665794--8R9c,MMV665794-8R9c,MMV665794--8R9c,MMV665794--8R9c,EAW324,SRR10985662,MMV665794,False,original,3510290,702058000,286
MMV665794--7R9c,MMV665794-7R9c,MMV665794--7R9c,MMV665794--7R9c,EAW323,SRR10985663,MMV665794,False,original,4392603,878520600,358
MMV665794--11R9c,MMV665794-11R9c,MMV665794--11R9c,MMV665794--11R9c,EAW957,SRR10985664,MMV665794,False,original,3720532,744106400,301
MMV665794--10R9c,MMV665794-10R9c,MMV665794--10R9c,MMV665794--10R9c,EAW945,SRR10985665,MMV665794,False,original,5141250,1028250000,418
MMV403679--R9-2,,MMV403679--R9-2,MMV403679--R9-2,EAW014,SRR10985666,MMV403679,False,original,3905080,781016000,461
Clomipramine--10-R3b,,Clomipramine--10-R3b,Clomipramine--10-R3b,EAW228,SRR10985667,clomipramine,False,original,3637697,727539400,342
MMV403679--R6-2,,MMV403679--R6-2,MMV403679--R6-2,EAW013,SRR10985668,MMV403679,False,original,5863496,1172699200,693
MMV403679--R5-2,,MMV403679--R5-2,MMV403679--R5-2,EAW012,SRR10985669,MMV403679,False,original,4978527,995705400,585
MMV403679--R4-2,,MMV403679--R4-2,MMV403679--R4-2,EAW005,SRR10985670,MMV403679,False,original,4112145,822429000,492
MMV403679--R3-2,,MMV403679--R3-2,MMV403679--R3-2,EAW015,SRR10985671,MMV403679,False,original,7548204,1509640800,890
MMV403679--9R4a,,MMV403679--9R4a,MMV403679--9R4a,EAW371,SRR10985672,MMV403679,False,original,3537482,707496400,287
MMV403679--8R4a,,MMV403679--8R4a,MMV403679--8R4a,EAW372,SRR10985673,MMV403679,False,original,5784391,1156878200,469
MMV403679--7R4a,,MMV403679--7R4a,MMV403679--7R4a,EAW370,SRR10985674,MMV403679,False,original,3479841,695968200,277
MMV403679--6R4a,,MMV403679--6R4a,MMV403679--6R4a,EAW369,SRR10985675,MMV403679,False,original,5106566,1021313200,406
MMV403679--5R4a,,MMV403679--5R4a,MMV403679--5R4a,EAW368,SRR10985676,MMV403679,False,original,4393315,878663000,352
MMV403679--3R4a,,MMV403679--3R4a,MMV403679--3R4a,EAW367,SRR10985677,MMV403679,False,original,4280131,856026200,350
Carmaphycin--R9-2,,Carmaphycin--R9-2,Carmaphycin--R9-2,EAW131,SRR10985678,carmaphycin B,False,original,12911855,2582371000,1073
MMV403679--2R4a,,MMV403679--2R4a,MMV403679--2R4a,EAW366,SRR10985679,MMV403679,False,original,3531936,706387200,285
MMV396736--R9-2,,MMV396736--R9-2,MMV396736--R9-2,EAW135,SRR10985680,MMV396736,False,original,4434395,886879000,518
MMV396736--R20-2,,MMV396736--R20-2,MMV396736--R20-2,EAW052,SRR10985681,MMV396736,False,original,3971520,794304000,455
MMV396736--R16-2,,MMV396736--R16-2,MMV396736--R16-2,EAW051,SRR10985682,MMV396736,False,original,6207029,1241405800,723
MMV396736--R12-2,,MMV396736--R12-2,MMV396736--R12-2,EAW053,SRR10985683,MMV396736,False,original,5322684,1064536800,622
MMV396736--R10-2,,MMV396736--R10-2,MMV396736--R10-2,EAW050,SRR10985684,MMV396736,False,original,4669004,933800800,545
MMV396736--12Res2a,,MMV396736--12Res2a,MMV396736--12Res2a,EAW157,SRR10985685,MMV396736,False,original,6964633,1386325974,635
MMV306025--R5-2,,MMV306025--R5-2,MMV306025--R5-2,EAW049,SRR10985686,MMV306025,False,original,5585107,1117021400,650
MMV306025--R4-2,,MMV306025--R4-2,MMV306025--R4-2,EAW048,SRR10985687,MMV306025,False,original,3720583,744116600,439
MMV306025--R3-2,,MMV306025--R3-2,MMV306025--R3-2,EAW047,SRR10985688,MMV306025,False,original,3441527,688305400,405
Carmaphycin--R8-2,,Carmaphycin--R8-2,Carmaphycin--R8-2,EAW130,SRR10985689,carmaphycin B,False,original,16187187,3237437400,1341
MMV306025--R2-2,,MMV306025--R2-2,MMV306025--R2-2,EAW046,SRR10985690,MMV306025,False,original,5720239,1144047800,648
MMV306025--R1-2,,MMV306025--R1-2,MMV306025--R1-2,EAW045,SRR10985691,MMV306025,False,original,5786321,1157264200,651
MMV1469689--5-R2a,,MMV1469689-5 R2a,MMV1469689-5 R2a,EAW446,SRR10985692,MMV1469689,False,original,4913134,982626800,364
MMV1469689--4-R2a,,MMV1469689-4 R2a,MMV1469689-4 R2a,EAW445,SRR10985693,MMV1469689,False,original,4614427,922885400,343
MMV1469689--3-R2a,,MMV1469689-3 R2a,MMV1469689-3 R2a,EAW409,SRR10985694,MMV1469689,False,original,4806499,961299800,360
MMV1469689--1-R2a,,MMV1469689-1 R2a,MMV1469689-1 R2a,EAW444,SRR10985695,MMV1469689,False,original,5837632,1167526400,435
MMV1308535-9R3a,,MMV1308535-9 R3a,MMV1308535-9 R3a,EAW750,SRR10985696,MMV1308535,False,original,5562501,1112500200,455
MMV1308535-1R3a,,MMV1308535-1 R3a,MMV1308535-1 R3a,EAW749,SRR10985697,MMV1308535,False,original,4732709,946541800,394
Z46108311--6R2b,,Z46108311--6R2b,Z46108311--6R2b,EAW353,SRR10985698,MMV1214532,False,original,3710361,742072200,382
Z46108311--2R2c,,Z46108311--2R2c,Z46108311--2R2c,EAW173,SRR10985699,MMV1214532,False,original,4001821,800364200,402
Carmaphycin--R7-2,,Carmaphycin--R7-2,Carmaphycin--R7-2,EAW129,SRR10985700,carmaphycin B,False,original,15362686,3072537200,1271
MMV1078458--9_R3a,,MMV1078458--9-R3a,MMV1078458--9-R3a,EAW238,SRR10985701,MMV1078458,False,original,5212525,1042505000,523
MMV1078458--8_R4a,,MMV1078458--8-R4a,MMV1078458--8-R4a,EAW195,SRR10985702,MMV1078458,False,original,5477658,1095531600,548
MMV1078458--7_R3a,,MMV1078458--7-R3a,MMV1078458--7-R3a,EAW194,SRR10985703,MMV1078458,False,original,5117756,1023551200,514
MMV1078458--6R3a,,MMV1078458--6R3a,MMV1078458--6R3a,EAW172,SRR10985704,MMV1078458,False,original,3644098,728819600,374
MMV1078458--5R3a,,MMV1078458--5R3a,MMV1078458--5R3a,EAW171,SRR10985705,MMV1078458,False,original,3395472,679094400,352
MMV1078458--4R3a,,MMV1078458--4R3a,MMV1078458--4R3a,EAW181,SRR10985706,MMV1078458,False,original,5376752,1075350400,445
MMV1078458--2R3a,,MMV1078458--2R3a,MMV1078458--2R3a,EAW170,SRR10985707,MMV1078458,False,original,3394064,678812800,348
MMV1078458--10_R3a,,MMV1078458--10-R3a,MMV1078458--10-R3a,EAW239,SRR10985708,MMV1078458,False,original,5534950,1106990000,544
MMV1028806-1--R1a,,MMV1028806-1--R1a,MMV1028806-1--R1a,EAW244,SRR10985709,MMV1028806,False,original,8133351,1626670200,827
MMV1007245--14_R4b,,MMV1007245--14-R4b,MMV1007245--14-R4b,EAW205,SRR10985710,MMV1007245,False,original,5059628,1011925600,507
Camptothecin--R6b-2,,Camptothecin--R6b-2,Camptothecin--R6b-2,EAW501,SRR10985711,camptothecin,False,original,15231818,3046363600,1263
Amitriptyline--g5R3a,,Amitriptyline--g5R3a,Amitriptyline--g5R3a,EAW242,SRR10985712,amitriptyline,False,original,3005898,601179600,298
MMV1007245--13_R4b,,MMV1007245--13-R4b,MMV1007245--13-R4b,EAW204,SRR10985713,MMV1007245,False,original,4934009,986801800,502
MMV1007245--11_R3b,,MMV1007245--11-R3b,MMV1007245--11-R3b,EAW203,SRR10985714,MMV1007245,False,original,5768653,1153730600,569
MMV085203-24R2b,,MMV085203-24 R2b,MMV085203-24 R2b,EAW713,SRR10985715,MMV085203,False,original,6297405,1259481000,519
MMV085203-21R2b,,MMV085203-21 R2b,MMV085203-21 R2b,EAW710,SRR10985716,MMV085203,False,original,6885674,1377134800,567
MMV085203--7R3a,MMV085203-7R3a,MMV085203--7R3a,MMV085203--7R3a,EAW313,SRR10985717,MMV085203,False,original,3068727,613745400,250
MMV085203--6R3a,,MMV085203--6R3a,MMV085203--6R3a,EAW312,SRR10985718,MMV085203,False,original,3963590,792718000,322
MMV085203--2R3a,,MMV085203--2R3a,MMV085203--2R3a,EAW311,SRR10985719,MMV085203,False,original,3683368,736673600,296
MMV085203--1R3a,,MMV085203--1R3a,MMV085203--1R3a,EAW310,SRR10985720,MMV085203,False,original,4839795,967959000,388
MMV085203--11R3a,MMV085203-11R3a,MMV085203--11R3a,MMV085203--11R3a,EAW314,SRR10985721,MMV085203,False,original,4471879,894375800,355
MMV019017--R9-2,,MMV019017--R9-2,MMV019017--R9-2,EAW044,SRR10985722,MMV019017,False,original,4917934,983586800,557
Camptothecin--R4b-2,,Camptothecin--R4b-2,Camptothecin--R4b-2,EAW500,SRR10985723,camptothecin,False,original,7798257,1559651400,656
MMV019017--R8-2,,MMV019017--R8-2,MMV019017--R8-2,EAW043,SRR10985724,MMV019017,False,original,5101131,1020226200,575
MMV019017--R7-2,,MMV019017--R7-2,MMV019017--R7-2,EAW042,SRR10985725,MMV019017,False,original,3810725,762145000,431
MMV019017--R4-2,,MMV019017--R4-2,MMV019017--R4-2,EAW041,SRR10985726,MMV019017,False,original,5784154,1156830800,652
MMV007224--Fb,,MMV007224-Fb,MMV007224-Fb,EAW940,SRR10985727,MMV007224,False,original,4678453,935690600,474
MMV007224--AR1a,,MMV007224-AR1a,MMV007224-AR1a,EAW932,SRR10985728,MMV007224,False,original,4231638,846327600,431
MMV007181--075b,,MMV007181-0.75b,MMV007181-0.75b,EAW088,SRR10985729,MMV007181,False,original,3333999,666799800,340
MMV007181--R4-2,,MMV007181--R4-2,MMV007181--R4-2,EAW117,SRR10985730,MMV007181,False,original,5807164,1161432800,697
MMV007181--R3-2,,MMV007181--R3-2,MMV007181--R3-2,EAW116,SRR10985731,MMV007181,False,original,4712237,942447400,564
MMV007181--1a,,MMV007181--1a,MMV007181--1a,EAW089,SRR10985732,MMV007181,False,original,6072246,1214449200,617
DS30MMV006389--R4-2,,DS30MMV006389--R4-2,DS30MMV006389--R4-2,EAW040,SRR10985733,MMV006389,False,original,2189243,437848600,253
BMS983970-2R1g,,BMS983970-2R1g,BMS983970-2R1g,EAW724,SRR10985734,BMS983970,False,original,3997782,799556400,336
DS30MMV006389--R3-2,,DS30MMV006389--R3-2,DS30MMV006389--R3-2,EAW039,SRR10985735,MMV006389,False,original,1951526,390305200,228
DS30MMV006389--R2-2,,DS30MMV006389--R2-2,DS30MMV006389--R2-2,EAW038,SRR10985736,MMV006389,False,original,3528700,705740000,407
DS30MMV006389--R1-2,,DS30MMV006389--R1-2,DS30MMV006389--R1-2,EAW037,SRR10985737,MMV006389,False,original,3115835,623167000,363
MMV001246--R9-2,,MMV001246--R9-2,MMV001246--R9-2,EAW011,SRR10985738,MMV001246,False,original,4746474,949294800,572
MMV001246--R3a-2,,MMV001246--R3a-2,MMV001246--R3a-2,EAW036,SRR10985739,MMV001246,False,original,7689855,1537971000,867
MMV001246--R14-2,,MMV001246--R14-2,MMV001246--R14-2,EAW010,SRR10985740,MMV001246,False,original,4517056,903411200,540
MMV001239--R4-2,,MMV001239--R4-2,MMV001239--R4-2,EAW103,SRR10985741,MMV001239,False,original,3629049,725809800,432
MMV001239--R2-2,,MMV001239--R2-2,MMV001239--R2-2,EAW102,SRR10985742,MMV001239,False,original,5611439,1122287800,669
MMV001239--R1a-2,,MMV001239--R1a-2,MMV001239--R1a-2,EAW101,SRR10985743,MMV001239,False,original,6904333,1380866600,831
MMV001239--R11-2,,MMV001239--R11-2,MMV001239--R11-2,EAW104,SRR10985744,MMV001239,False,original,7935729,1587145800,949
BMS983970-2R1e,BMS983970-2R1e,BMS983970-2R1e,BMS983970-2R1e,EAW722,SRR10985745,BMS983970,False,original,5191882,1038376400,431
MMV000570--R4-2,,MMV000570--R4-2,MMV000570--R4-2,EAW114,SRR10985746,MMV000570,False,original,4157501,831500200,501
MMV000570--R3-2,,MMV000570--R3-2,MMV000570--R3-2,EAW113,SRR10985747,MMV000570,False,original,5173303,1034660600,620
MMV000570--R1-2,,MMV000570--R1-2,MMV000570--R1-2,EAW112,SRR10985748,MMV000570,False,original,4980738,996147600,598
MMV000570--6a,,MMV000570--6a,MMV000570--6a,EAW512,SRR10985749,MMV000570,False,original,2425123,485024600,228
MMV000570--5a,,MMV000570--5a,MMV000570--5a,EAW511,SRR10985750,MMV000570,False,original,2679034,535806800,252
MMV000570--4a,,MMV000570--4a,MMV000570--4a,EAW090,SRR10985751,MMV000570,False,original,2483976,496795200,232
MMV000570--3a,,MMV000570--3a,MMV000570--3a,EAW510,SRR10985752,MMV000570,False,original,2587614,517522800,244
MMV000570--2a,,MMV000570--2a,MMV000570--2a,EAW509,SRR10985753,MMV000570,False,original,3139928,627985600,296
MMV000570--1R2a,,MMV000570--1R2a,MMV000570--1R2a,EAW097,SRR10985754,MMV000570,False,original,2802859,560571800,286
MMV000570--10b,,MMV000570--10b,MMV000570--10b,EAW098,SRR10985755,MMV000570,False,original,3636790,727358000,366
BMS983970-2R1d,,BMS983970-2R1d,BMS983970-2R1d,EAW721,SRR10985756,BMS983970,False,original,6407321,1281464200,530
MMV000442-6--R3a,,MMV000442-6--R3a,MMV000442-6--R3a,EAW216,SRR10985757,MMV000442,False,original,5746399,1149279800,576
MMV000442-1--R3b,,MMV000442-1--R3b,MMV000442-1--R3b,EAW219,SRR10985758,MMV000442,False,original,6573204,1314640800,666
MMV000442--8-R5b,,MMV000442--8-R5b,MMV000442--8-R5b,EAW217,SRR10985759,MMV000442,False,original,4607701,921540200,419
MMV000442--7-R5b,,MMV000442--7-R5b,MMV000442--7-R5b,EAW220,SRR10985760,MMV000442,False,original,3355289,671057800,312
MMV000442--19-R8a,,MMV000442--19-R8a,MMV000442--19-R8a,EAW222,SRR10985761,MMV000442,False,original,3725110,745022000,346
MMV000442--17-R5a,,MMV000442--17-R5a,MMV000442--17-R5a,EAW221,SRR10985762,MMV000442,False,original,3504670,700934000,321
MMV000442--15-R5a,,MMV000442--15-R5a,MMV000442--15-R5a,EAW218,SRR10985763,MMV000442,False,original,3777768,755553600,350
Milt--4Res2a,,Milt--4Res2a,Milt--4Res2a,EAW156,SRR10985764,miltefosine,False,original,7049736,1403533106,646
Milt--3Res2a,,Milt--3Res2a,Milt--3Res2a,EAW155,SRR10985765,miltefosine,False,original,14349298,2856698200,1295
Miconazole--F63,,Miconazole--F63,Miconazole--F63,EAW009,SRR10985766,miconazole,False,original,5573162,1114632400,676
BMS983970-1R1b,,BMS983970-1R1b,BMS983970-1R1b,EAW720,SRR10985767,BMS983970,False,original,7873444,1574688800,641
Meb--4Res2c,,Meb--4Res2c,Meb--4Res2c,EAW167,SRR10985768,mebendazole,False,original,7111262,1415410724,649
Meb--1Res2a,,Meb--1Res2a,Meb--1Res2a,EAW152,SRR10985769,mebendazole,False,original,7160564,1425341342,659
Loratidine--7R6c,,Loratidine--7R6c,Loratidine--7R6c,EAW496,SRR10985770,loratadine,False,original,4534677,906935400,362
Loratidine--17R5a,,Loratidine--17R5a,Loratidine--17R5a,EAW499,SRR10985771,loratadine,False,original,4892974,978594800,394
Loratidine--16R5a,,Loratidine--16R5a,Loratidine--16R5a,EAW498,SRR10985772,loratadine,False,original,3645815,729163000,290
Lomerizine-32R5a,,Lomerizine-32 R5a,Lomerizine-32 R5a,EAW708,SRR10985773,lomerizine,False,original,5625504,1125100800,461
Lomerizine-31R5a,,Lomerizine-31 R5a,Lomerizine-31 R5a,EAW707,SRR10985774,lomerizine,False,original,5369648,1073929600,442
Lomerizine-3--R3a,,Lomerizine-3--R3a,Lomerizine-3--R3a,EAW293,SRR10985775,lomerizine,False,original,9770707,1954141400,984
Lomerizine-2--R3a,,Lomerizine-2--R3a,Lomerizine-2--R3a,EAW292,SRR10985776,lomerizine,False,original,6294879,1258975800,634
Lomerizine-1--R3a,,Lomerizine-1--R3a,Lomerizine-1--R3a,EAW291,SRR10985777,lomerizine,False,original,8440989,1688197800,848
BMS983970-1R1a,,BMS983970-1R1a,BMS983970-1R1a,EAW719,SRR10985778,BMS983970,False,original,6623254,1324650800,542
Lomerizine--27R3b,,Lomerizine--27R3b,Lomerizine--27R3b,EAW296,SRR10985779,lomerizine,False,original,4325502,865100400,347
Lomerizine--22R3a,,Lomerizine--22R3a,Lomerizine--22R3a,EAW297,SRR10985780,lomerizine,False,original,4032427,806485400,323
Lomerizine--21R3b,,Lomerizine--21R3b,Lomerizine--21R3b,EAW295,SRR10985781,lomerizine,False,original,3905546,781109200,314
Lomerizine--19R3a,,Lomerizine--19R3a,Lomerizine--19R3a,EAW294,SRR10985782,lomerizine,False,original,4435649,887129800,365
Lomerizine--18R3a,,Lomerizine--18R3a,Lomerizine--18R3a,EAW924,SRR10985783,lomerizine,False,original,5151880,1030376000,413
Lapatinib--3_R6b,,Lapatinib--3-R6b,Lapatinib--3-R6b,EAW193,SRR10985784,lapatinib,False,original,5777241,1155448200,571
Lapatanib--6R6b,,Lapatanib--6R6b,Lapatanib--6R6b,EAW179,SRR10985785,lapatinib,False,original,2024448,404889600,191
Lapatanib--6R6a,,Lapatanib--6R6a,Lapatanib--6R6a,EAW178,SRR10985786,lapatinib,False,original,2125666,425133200,199
Lapatanib--3R6c,,Lapatanib--3R6c,Lapatanib--3R6c,EAW177,SRR10985787,lapatinib,False,original,2320267,464053400,217
Lapatanib--1R6a,,Lapatanib--1R6a,Lapatanib--1R6a,EAW176,SRR10985788,lapatinib,False,original,3045936,609187200,278
ART--R5-2,,ART--R5-2,ART--R5-2,EAW055,SRR10985789,artemisinin,False,original,8603598,1720719600,924
PMA1--D1,,PMA1--D1,PMA1--D1,EAW918,SRR10985790,KAE609,False,original,9870797,1964856065,896
PMA1--C1,,PMA1--C1,PMA1--C1,EAW159,SRR10985791,KAE609,False,original,8237468,1639785845,753
PMA1--B4,,PMA1--B4,PMA1--B4,EAW158,SRR10985792,KAE609,False,original,8935353,1778661157,822
NITD609--R5,,NITD609--R5,NITD609--R5,EAW008,SRR10985793,KAE609,False,original,5051108,1010221600,609
NITD609--R2a-2,,NITD609--R2a-2,NITD609--R2a-2,EAW007,SRR10985794,KAE609,False,original,3704177,740835400,445
NITD609--R17,,NITD609--R17,NITD609--R17,EAW006,SRR10985795,KAE609,False,original,3182428,636485600,385
NITD609--661-2,,NITD609--661-2,NITD609--661-2,EAW120,SRR10985796,KAE609,False,original,3058951,611790200,370
NITD609--653-3,,NITD609--653-3,NITD609--653-3,EAW004,SRR10985797,KAE609,False,original,2545805,509161000,308
NITD609--652-2,,NITD609--652-2,NITD609--652-2,EAW121,SRR10985798,KAE609,False,original,7480005,1496001000,801
NITD609--633-2,,NITD609--633-2,NITD609--633-2,EAW003,SRR10985799,KAE609,False,original,4677608,935521600,565
ART--R3-2,,ART--R3-2,ART--R3-2,EAW026,SRR10985800,artemisinin,False,original,8610050,1722010000,975
KAE609--5B,,KAE609--5B,KAE609--5B,EAW182,SRR10985801,KAE609,False,original,2171284,434256800,207
KAAA726--R8a-2,,KAAA726--R8a-2,KAAA726--R8a-2,EAW133,SRR10985802,KAAA726,False,original,6319266,1263853200,530
HygromycinB--38R8a,,HygromycinB--38R8a,HygromycinB--38R8a,EAW359,SRR10985803,hygromycin B,False,original,2110712,422142400,172
HygromycinB--37R8a,,HygromycinB--37R8a,HygromycinB--37R8a,EAW358,SRR10985804,hygromycin B,False,original,2882262,576452400,232
HygromycinB--36R8a,HygromycinB-36R8a,HygromycinB--36R8a,HygromycinB--36R8a,EAW305,SRR10985805,hygromycin B,False,original,3153482,630696400,254
HygromycinB--35R8a,,HygromycinB--35R8a,HygromycinB--35R8a,EAW357,SRR10985806,hygromycin B,False,original,3117606,623521200,259
HygromycinB--34R8a,,HygromycinB--34R8a,HygromycinB--34R8a,EAW356,SRR10985807,hygromycin B,False,original,4210752,842150400,339
HygromycinB--32R8a,,HygromycinB--32R8a,HygromycinB--32R8a,EAW355,SRR10985808,hygromycin B,False,original,3526193,705238600,288
HygromycinB--30R8a,,HygromycinB--30R8a,HygromycinB--30R8a,EAW463,SRR10985809,hygromycin B,False,original,2487133,497426600,201
Hecto--7Res2a,,Hecto--7Res2a,Hecto--7Res2a,EAW149,SRR10985810,hectochlorin,False,original,7821246,1556880908,711
ART--R1-2,,ART--R1-2,ART--R1-2,EAW024,SRR10985811,artemisinin,False,original,2603424,520684800,301
Hecto--19Res2a,,Hecto--19Res2a,Hecto--19Res2a,EAW151,SRR10985812,hectochlorin,False,original,9525243,1896468215,866
Hecto--16Res2a,,Hecto--16Res2a,Hecto--16Res2a,EAW150,SRR10985813,hectochlorin,False,original,12318365,2452729320,1125
DS32--R7-2,,DS32--R7-2,DS32--R7-2,EAW031,SRR10985814,GNF-Pf-5672,False,original,2943909,588781800,316
DS23--R4-2,,DS23--R4-2,DS23--R4-2,EAW086,SRR10985815,GNF-Pf-5639,False,original,7554751,1510950200,822
DS23--R1-2,,DS23--R1-2,DS23--R1-2,EAW085,SRR10985816,GNF-Pf-5639,False,original,4775232,955046400,519
DS20--R4-2,,DS20--R4-2,DS20--R4-2,EAW084,SRR10985817,GNF-Pf-5468,False,original,5791058,1158211600,618
DS20--R3-2,,DS20--R3-2,DS20--R3-2,EAW083,SRR10985818,GNF-Pf-5468,False,original,4786865,957373000,516
DS33--R8-2,,DS33--R8-2,DS33--R8-2,EAW082,SRR10985819,GNF-Pf-5129,False,original,12069452,2413890400,1304
DS33--R2-2,,DS33--R2-2,DS33--R2-2,EAW081,SRR10985820,GNF-Pf-5129,False,original,13838583,2767716600,1502
DS4--R7-2,,DS4--R7-2,DS4--R7-2,EAW030,SRR10985821,GNF-Pf-4739,False,original,2469695,493939000,284
Aripiprazole-11--R2b,,Aripiprazole-11--R2b,Aripiprazole-11--R2b,EAW513,SRR10985822,aripiprazole,False,original,9244565,1848913000,928
Amitriptyline--g4R3b,,Amitriptyline--g4R3b,Amitriptyline--g4R3b,EAW241,SRR10985823,amitriptyline,False,original,4063848,812769600,398
Amitriptyline--g3R3a,,Amitriptyline--g3R3a,Amitriptyline--g3R3a,EAW240,SRR10985824,amitriptyline,False,original,3765223,753044600,371
DS4--R6-2,DS4-R6-2,DS4--R6-2,DS4--R6-2,EAW029,SRR10985825,GNF-Pf-4739,False,original,1445816,289163200,169
DS4--R11-2,,DS4--R11-2,DS4--R11-2,EAW914,SRR10985826,GNF-Pf-4739,False,original,2382227,476445400,275
DS4--R10-2,,DS4--R10-2,DS4--R10-2,EAW911,SRR10985827,GNF-Pf-4739,False,original,2813969,562793800,322
DS12--R4-2,,DS12--R4-2,DS12--R4-2,EAW081,SRR10985828,GNF-Pf-4583,False,original,11875824,2375164800,1268
GNFpf445--8-R4b,,GNFpf445--8-R4b,GNFpf445--8-R4b,EAW201,SRR10985829,GNF-Pf-445,False,original,5754065,1150813000,550
GNFpf445--7-R4a,,GNFpf445--7-R4a,GNFpf445--7-R4a,EAW413,SRR10985830,GNF-Pf-445,False,original,7038027,1407605400,676
GNFpf445--4-R3a,,GNFpf445--4-R3a,GNFpf445--4-R3a,EAW200,SRR10985831,GNF-Pf-445,False,original,6501088,1300217600,641
GNFpf445--2-R3b,,GNFpf445--2-R3b,GNFpf445--2-R3b,EAW202,SRR10985832,GNF-Pf-445,False,original,6884673,1376934600,672
GNFpf445--1-R3b,,GNFpf445--1-R3b,GNFpf445--1-R3b,EAW412,SRR10985833,GNF-Pf-445,False,original,5215149,1043029800,514
GNFPf4283--4R2b,,GNFPf4283--4R2b,GNFPf4283--4R2b,EAW344,SRR10985834,GNF-Pf-4283,False,original,2919602,583920400,302
AN7973-4R1f,,AN7973-4R1f,AN7973-4R1f,EAW717,SRR10985835,AN7973,False,original,5271634,1054326800,440
GNFPf4283--2R2a,,GNFPf4283--2R2a,GNFPf4283--2R2a,EAW343,SRR10985836,GNF-Pf-4283,False,original,3811391,762278200,386
DS29--R7-2,,DS29--R7-2,DS29--R7-2,EAW074,SRR10985837,GNF-Pf-4283,False,original,7625622,1525124400,817
DS29--R6-2,,DS29--R6-2,DS29--R6-2,EAW073,SRR10985838,GNF-Pf-4283,False,original,8959595,1791919000,952
GNFpf3891--8_R3a,,GNFpf3891--8-R3a,GNFpf3891--8-R3a,EAW191,SRR10985839,GNF-Pf-3891,False,original,5127090,1025418000,516
GNFpf3891--3_R3a,,GNFpf3891--3-R3a,GNFpf3891--3-R3a,EAW190,SRR10985840,GNF-Pf-3891,False,original,4976653,995330600,498
GNFpf3891--2_R3a,,GNFpf3891--2-R3a,GNFpf3891--2-R3a,EAW189,SRR10985841,GNF-Pf-3891,False,original,5657328,1131465600,559
GNFpf3891--11_R3a,,GNFpf3891--11-R3a,GNFpf3891--11-R3a,EAW192,SRR10985842,GNF-Pf-3891,False,original,5217666,1043533200,508
GNFpf3891--1_R3a,,GNFpf3891--1-R3a,GNFpf3891--1-R3a,EAW188,SRR10985843,GNF-Pf-3891,False,original,5454715,1090943000,543
DS27--R4-2,,DS27--R4-2,DS27--R4-2,EAW072,SRR10985844,GNF-Pf-3815,False,original,5711992,1142398400,614
DS27--R3-2,,DS27--R3-2,DS27--R3-2,EAW071,SRR10985845,GNF-Pf-3815,False,original,5145877,1029175400,552
AN7973-4R1e,,AN7973-4R1e,AN7973-4R1e,EAW716,SRR10985846,AN7973,False,original,7358366,1471673200,603
DS27--R2-2,,DS27--R2-2,DS27--R2-2,EAW070,SRR10985847,GNF-Pf-3815,False,original,4685624,937124800,506
DS27--R1-2,,DS27--R1-2,DS27--R1-2,EAW069,SRR10985848,GNF-Pf-3815,False,original,5208569,1041713800,566
DS11--R4-2,,DS11--R4-2,DS11--R4-2,EAW028,SRR10985849,GNF-Pf-3703,False,original,5745410,1149082000,654
DS11--R13-2,,DS11--R13-2,DS11--R13-2,EAW068,SRR10985850,GNF-Pf-3703,False,original,11478970,2295794000,1221
DS11--R12-2,,DS11--R12-2,DS11--R12-2,EAW067,SRR10985851,GNF-Pf-3703,False,original,11047710,2209542000,1181
DS11--R10-2,,DS11--R10-2,DS11--R10-2,EAW066,SRR10985852,GNF-Pf-3703,False,original,9115620,1823124000,983
DS28--R9-2,,DS28--R9-2,DS28--R9-2,EAW065,SRR10985853,GNF-Pf-3582,False,original,6818199,1363639800,730
DS28--R5-2,DS28-R5-2,DS28--R5-2,DS28--R5-2,EAW064,SRR10985854,GNF-Pf-3582,False,original,10467256,2093451200,1124
DS28--R2-2,,DS28--R2-2,DS28--R2-2,EAW063,SRR10985855,GNF-Pf-3582,False,original,10790195,2158039000,1160
DS7--R10-2,,DS7--R10-2,DS7--R10-2,EAW059,SRR10985856,GNF-Pf-2823,False,original,8168099,1633619800,878
AN7973-4R1d,,AN7973-4R1d,AN7973-4R1d,EAW715,SRR10985857,AN7973,False,original,4327945,865589000,358
DS17--R3-2,,DS17--R3-2,DS17--R3-2,EAW058,SRR10985858,GNF-Pf-2775,False,original,8795603,1759120600,941
DS17--R2-2,,DS17--R2-2,DS17--R2-2,EAW057,SRR10985859,GNF-Pf-2775,False,original,7838251,1567650200,841
GNFpf2740--15_R5a,GNF-Pf-2740-15R5a,GNFpf2740--15-R5a,GNFpf2740--15-R5a,EAW211,SRR10985860,GNF-Pf-2740,False,original,4149018,829803600,414
DS15--R7-2,,DS15--R7-2,DS15--R7-2,EAW056,SRR10985861,GNF-Pf-2740,False,original,4189600,837920000,450
GNFpf1618--9R2b,,GNFpf1618--9R2b,GNFpf1618--9R2b,EAW251,SRR10985862,GNF-Pf-1618,False,original,2807866,561573200,274
GNFpf1618--8R2a,,GNFpf1618--8R2a,GNFpf1618--8R2a,EAW250,SRR10985863,GNF-Pf-1618,False,original,2730272,546054400,269
GNFpf1618--7R2b,GNF-Pf-1618-7R2b,GNFpf1618--7R2b,GNFpf1618--7R2b,EAW249,SRR10985864,GNF-Pf-1618,False,original,2816775,563355000,280
GNFpf1618--6R2a,,GNFpf1618--6R2a,GNFpf1618--6R2a,EAW248,SRR10985865,GNF-Pf-1618,False,original,2881907,576381400,281
GNFpf1618--11R2a,,GNFpf1618--11R2a,GNFpf1618--11R2a,EAW247,SRR10985866,GNF-Pf-1618,False,original,2764279,552855800,270
Fly--7Res1b,,Fly--7Res1b,Fly--7Res1b,EAW147,SRR10985867,flucytosine,False,original,9753598,1941566810,896
AN7973-3R1c,,AN7973-3R1c,AN7973-3R1c,EAW714,SRR10985868,AN7973,False,original,5394567,1078913400,444
Fly--6Res1b,,Fly--6Res1b,Fly--6Res1b,EAW146,SRR10985869,flucytosine,False,original,8958874,1783304190,814
Fly--4Res1a,,Fly--4Res1a,Fly--4Res1a,EAW145,SRR10985870,flucytosine,False,original,9767499,1944301151,889
Fly--3Res2a,,Fly--3Res2a,Fly--3Res2a,EAW144,SRR10985871,flucytosine,False,original,8152869,1622771209,740
Fly--2Res2a,,Fly--2Res2a,Fly--2Res2a,EAW143,SRR10985872,flucytosine,False,original,7244314,1441909491,660
Fly--1Res2a,,Fly--1Res2a,Fly--1Res2a,EAW166,SRR10985873,flucytosine,False,original,10395592,2069513901,943
Everolimus--R7d-2,,Everolimus--R7d-2,Everolimus--R7d-2,EAW504,SRR10985874,everolimus,False,original,14691390,2938278000,1222
Everolimus--R5d-2,,Everolimus--R5d-2,Everolimus--R5d-2,EAW503,SRR10985875,everolimus,False,original,12558622,2511724400,1046
,,ParentStrain--GM-0,"ParentStrain--GM-0, Green Monster Replicate 4",,SRR14327619,,True,parents,4085411,817082200,365
,,ParentStrain--0_GM,"ParentStrain--0_GM, Green Monster Replicate 3",,SRR14327620,,True,parents,6490815,1298163000,610
,,ParentStrain--GM,"ParentStrain--GM, Green Monster Replicate 2",,SRR14327621,,True,parents,5802847,1160569400,572
,,ParentStrain--GM1,"ParentStrain--GM1, Green Monster Replicate 1",,SRR14327622,,True,parents,4330113,866022600,417
,,ParentStrain--0_Erg3,"ParentStrain--0_Erg3, Erg3 Replicate 1",,SRR14327623,,True,parents,7153561,1430712200,694
,,Pleio--1,"Pleio--1, Pleio Replicate 2",,SRR14327624,,True,parents,4180832,836166400,416
,,ParentStrain--Pleio,"ParentStrain--Pleio, Pleio Replicate 1",,SRR14327625,,True,parents,4452256,890451200,364
